<keymap version="1" name="myKeymap" parent="$default">
  <action id="$Copy">
    <keyboard-shortcut first-keystroke="ctrl c" />
  </action>
  <action id="$Cut">
    <keyboard-shortcut first-keystroke="ctrl x" />
  </action>
  <action id="$Paste">
    <keyboard-shortcut first-keystroke="ctrl v" />
  </action>
  <action id="$Undo">
    <keyboard-shortcut first-keystroke="ctrl z" />
  </action>
  <action id="ActivateDatabaseToolWindow">
    <keyboard-shortcut first-keystroke="alt 8" />
  </action>
  <action id="ActivateDebugToolWindow" />
  <action id="ActivateFavoritesToolWindow" />
  <action id="ActivateFindToolWindow" />
  <action id="ActivateJRebelToolWindow">
    <keyboard-shortcut first-keystroke="alt 5" />
  </action>
  <action id="ActivateRemoteHostToolWindow">
    <keyboard-shortcut first-keystroke="alt 9" />
  </action>
  <action id="ActivateRunToolWindow" />
  <action id="ActivateServicesToolWindow">
    <keyboard-shortcut first-keystroke="alt 2" />
  </action>
  <action id="ActivateStructureToolWindow" />
  <action id="ActivateTODOToolWindow" />
  <action id="ActivateTerminalToolWindow" />
  <action id="ActivateVersionControlToolWindow" />
  <action id="Arrangement.Alias.Rule.Match.Condition.Move.Up" />
  <action id="Arrangement.Rule.Edit" />
  <action id="Arrangement.Rule.Match.Condition.Move.Down" />
  <action id="Arrangement.Rule.Match.Condition.Move.Up" />
  <action id="AutoIndentLines" />
  <action id="Back">
    <mouse-shortcut keystroke="button4" />
    <keyboard-shortcut first-keystroke="alt left" />
  </action>
  <action id="ChoosePrevSubsequentPropertyValueEditorAction" />
  <action id="ClassNameCompletion" />
  <action id="CodeCompletion">
    <keyboard-shortcut first-keystroke="ctrl space" />
    <keyboard-shortcut first-keystroke="alt slash" />
  </action>
  <action id="CompareTwoFiles" />
  <action id="CopyElement" />
  <action id="Diff.NextChange" />
  <action id="Diff.PrevChange" />
  <action id="Diff.ShowDiff" />
  <action id="Editor Redo">
    <keyboard-shortcut first-keystroke="ctrl y" />
  </action>
  <action id="EditorDeleteLine">
    <keyboard-shortcut first-keystroke="ctrl d" />
  </action>
  <action id="EditorDuplicate" />
  <action id="EvaluateExpression">
    <keyboard-shortcut first-keystroke="alt i" />
  </action>
  <action id="FileChooser.GotoDesktop" />
  <action id="Find">
    <keyboard-shortcut first-keystroke="ctrl f" />
  </action>
  <action id="FindBugs.ShowQuickSearch" />
  <action id="ForceStepInto">
    <keyboard-shortcut first-keystroke="shift alt f5" />
  </action>
  <action id="ForceStepOver">
    <keyboard-shortcut first-keystroke="shift alt f6" />
  </action>
  <action id="Forward">
    <mouse-shortcut keystroke="button5" />
    <keyboard-shortcut first-keystroke="alt right" />
  </action>
  <action id="GotoNextError" />
  <action id="GotoPreviousError" />
  <action id="GuiDesigner.EditComponent" />
  <action id="GuiDesigner.EditGroup" />
  <action id="HippieCompletion" />
  <action id="MethodDown">
    <keyboard-shortcut first-keystroke="ctrl alt down" />
  </action>
  <action id="MethodUp">
    <keyboard-shortcut first-keystroke="ctrl alt up" />
  </action>
  <action id="Move" />
  <action id="MoveLineDown">
    <keyboard-shortcut first-keystroke="alt down" />
  </action>
  <action id="MoveLineUp">
    <keyboard-shortcut first-keystroke="alt up" />
  </action>
  <action id="NextOccurence" />
  <action id="NextTab" />
  <action id="PasteMultiple">
    <keyboard-shortcut first-keystroke="shift ctrl v" />
  </action>
  <action id="PreviousOccurence" />
  <action id="PreviousTab" />
  <action id="QuickEvaluateExpression">
    <mouse-shortcut keystroke="alt button1" />
    <keyboard-shortcut first-keystroke="shift ctrl i" />
  </action>
  <action id="QuickImplementations" />
  <action id="RenameElement">
    <keyboard-shortcut first-keystroke="f2" />
    <keyboard-shortcut first-keystroke="shift f6" />
  </action>
  <action id="RunJsbtTask" />
  <action id="Scala.ShowImplicits">
    <keyboard-shortcut first-keystroke="shift ctrl alt equals" />
    <keyboard-shortcut first-keystroke="shift ctrl alt add" />
  </action>
  <action id="SendEOF" />
  <action id="ShowContent" />
  <action id="SmartStepInto">
    <keyboard-shortcut first-keystroke="shift f5" />
  </action>
  <action id="StepInto">
    <keyboard-shortcut first-keystroke="f5" />
  </action>
  <action id="StepOut">
    <keyboard-shortcut first-keystroke="f7" />
  </action>
  <action id="StepOver">
    <keyboard-shortcut first-keystroke="f6" />
  </action>
  <action id="ToggleFullScreen">
    <keyboard-shortcut first-keystroke="alt f11" />
  </action>
  <action id="VimPluginToggle">
    <keyboard-shortcut first-keystroke="alt v" />
  </action>
  <action id="XDebugger.MoveWatchDown" />
  <action id="XDebugger.MoveWatchUp" />
  <action id="XDebugger.SetValue" />
  <action id="openAssertEqualsDiff" />
</keymap>