<application>
  <component name="CodotaSettings">
    <option name="methodCompletionsPercentageSet" value="true" />
    <option name="id" value="6b3ea06c-7ad5-4e61-b5a3-2a77ea8d3a1a" />
    <option name="wasRunBefore" value="true" />
    <option name="firstRun" value="1585521716294" />
    <option name="generation" value="101" />
    <option name="updateGeneration" value="1" />
    <option name="isInJSBeta" value="YES" />
    <option name="isMethodCompletionsPercentageActive" value="true" />
    <option name="isMethodCompletionsPercentageSet" value="true" />
    <option name="usingTabKeyForInlineCompletions" value="true" />
    <option name="featureFlags">
      <map>
        <entry key="java-deep-completions" value="true" />
      </map>
    </option>
    <option name="everTurnedOnFeatureFlags">
      <set>
        <option value="java-deep-completions" />
      </set>
    </option>
    <option name="completeIndexingProjects">
      <map>
        <entry key="21ac2955" value="1" />
      </map>
    </option>
    <option name="usedLanguages">
      <set>
        <option value="java" />
      </set>
    </option>
  </component>
</application>