<application>
  <component name="GitRememberedInputs">
    <option name="visitedUrls">
      <list>
        <UrlAndUserName>
          <option name="url" value="http://github.com" />
          <option name="userName" value="lolilijve" />
        </UrlAndUserName>
        <UrlAndUserName>
          <option name="url" value="http://115.233.227.46:8066/ak10706/ican.git" />
          <option name="userName" value="" />
        </UrlAndUserName>
        <UrlAndUserName>
          <option name="url" value="http://115.233.227.46:8066" />
          <option name="userName" value="yujia" />
        </UrlAndUserName>
      </list>
    </option>
    <option name="cloneParentDir" value="$USER_HOME$/.local/share" />
  </component>
</application>