<application>
  <component name="AppStorage">
    <histories>
      <item value="* Returns the value of the given calendar field. In lenient mode, * all calendar fields are normalized. In non-lenient mode, all * calendar fields are validated and this method throws an * exception if any calendar fields have out-of-range values. The * normalization and validation are handled by the * {@link #complete()} method, which process is calendar * system dependent." />
      <item value="提前结清" />
      <item value="representation" />
      <item value="Exception In Initializer Error" />
      <item value="No appenders are available for AsyncAppender AsyncAppender" />
      <item value="provided" />
      <item value="Embedded Servlet Container Factory" />
      <item value="Unable to start EmbeddedWebApplicationContext due to missing EmbeddedServletContainerFactory bean." />
      <item value="out of time" />
      <item value="out time" />
      <item value="OVERTIME" />
      <item value="应用APP的请求秘钥不在有效期内" />
      <item value="real Estate Notice" />
      <item value="distressed Assistance" />
      <item value="method Name" />
      <item value="is Null To Empty" />
      <item value="get Secrets By App Key" />
      <item value="lenient Format" />
      <item value="密钥" />
      <item value="Learn how to select, comment, delete, duplicate and move lines. And also how to move and collapse blocks of code" />
      <item value="With the EduTools plugin, you can learn and teach programming languages such as Kotlin, Java, Python, JavaScript, Rust, C/C++ and Scala in the form of coding tasks and custom verification tests right inside of JetBrains IntelliJ Platform based IDEs. How It Works Install EduTools plugin: Go to Preferences → Plugins (or Configure → Plugins from the Welcome Screen) and search for the EduTools plugin." />
      <item value="With the EduTools plugin, you can learn and teach programming languages such as Kotlin, Java, Python, JavaScript, Rust, C/C++ and Scala in the form of coding tasks and custom verification tests right inside of JetBrains IntelliJ Platform based IDEs. How It Works Install EduTools plugin: Go to Preferences → Plugins (or Configure → Plugins from the Welcome Screen) and search for the EduTools plugin. As an Educator: Create your own interactive course with custom tasks, checks, tests, hints, and lots more. Share your course publicly or privately with your students or co-workers on Stepik, a learning management, and MOOC platform. Or you can save your course as an archive file. Let learners independently complete their assignments with the assistance of your integrated tests." />
      <item value="This plugin provides both real-time and on-demand scanning of Java files with CheckStyle from within IDEA. Please note this is not an official part of Checkstyle - they neither endorse nor bear responsibility for this plugin. Please see the README for full details." />
      <item value="Support for Dart Features Smart coding assistance for Dart that includes code completion, formatting, navigation, intentions, refactorings, and more Integration with pub and the Dart Analysis Server The IDE detects the problems with your code on-the-fly and suggests ways to automatically fix them Run and debug Dart command-line and web applications right in the IDE using the built-in debugger Run and debug tests Create new Dart projects from the IDE Welcome screen" />
    </histories>
    <option name="languageScores">
      <map>
        <entry key="CHINESE" value="14" />
        <entry key="ENGLISH" value="15" />
      </map>
    </option>
  </component>
  <component name="Settings">
    <option name="ignoreRegExp" value="" />
    <option name="overrideFont" value="true" />
    <option name="primaryFontFamily" value="WenQuanYi Micro Hei" />
  </component>
</application>